"Day";"IdLabel";"block";"lockdown_type"
4;"Bat 5";1;0
4;"Bat 5";2;0
4;"Bat 5";3;0
4;"Bat 5";4;0
4;"Bat 5";5;0
4;"Bat 5";6;0
4;"Bat 5";7;1
4;"Bat 5";8;0
4;"Bat 5";9;0
4;"Bat 5";10;0
4;"Bat 5";11;1
4;"Bat 5";12;0
4;"Bat 5";13;0
4;"Bat 5";14;0
4;"Bat 5";15;2
4;"Bat 5";16;0
4;"Bat 5";17;0
4;"Bat 5";18;0
4;"Bat 5";19;0
4;"Bat 5";20;1
4;"Bat 5";21;0
4;"Bat 5";22;0
4;"Bat 5";23;0
4;"Bat 5";24;2
4;"Bat 5";25;0
4;"Bat 5";26;0
4;"Bat 5";27;0
4;"Bat 5";28;0
4;"Bat 5";29;2
4;"Bat 5";30;0
4;"Bat 5";31;0
4;"Bat 5";32;0
4;"Bat 5";33;0
4;"Bat 5";34;0
4;"Bat 5";35;1
4;"Bat 5";36;0
4;"Bat 5";37;0
4;"Bat 5";38;0
4;"Bat 5";39;0
4;"Bat 5";40;0
4;"Bat 5";41;0
4;"Bat 5";42;1
4;"Bat 5";43;0
4;"Bat 5";44;0
4;"Bat 5";45;0
4;"Bat 5";46;0
4;"Bat 5";47;2
4;"Bat 5";48;0
4;"Bat 5";49;0
4;"Bat 5";50;0
4;"Bat 5";51;0
4;"Bat 5";52;1
4;"Bat 5";53;0
4;"Bat 5";54;0
4;"Bat 5";55;0
4;"Bat 5";56;2
4;"Bat 5";57;0
4;"Bat 5";58;0
4;"Bat 5";59;0
4;"Bat 5";60;2
4;"Bat 5";61;0
4;"Bat 5";62;0
4;"Bat 5";63;0
4;"Bat 5";64;0
4;"Bat 5";65;1
4;"Bat 72";1;0
4;"Bat 72";2;0
4;"Bat 72";3;0
4;"Bat 72";4;0
4;"Bat 72";5;0
4;"Bat 72";6;0
4;"Bat 72";7;1
4;"Bat 72";8;0
4;"Bat 72";9;0
4;"Bat 72";10;0
4;"Bat 72";11;1
4;"Bat 72";12;0
4;"Bat 72";13;0
4;"Bat 72";14;0
4;"Bat 72";15;2
4;"Bat 72";16;0
4;"Bat 72";17;0
4;"Bat 72";18;0
4;"Bat 72";19;0
4;"Bat 72";20;1
4;"Bat 72";21;0
4;"Bat 72";22;0
4;"Bat 72";23;0
4;"Bat 72";24;2
4;"Bat 72";25;0
4;"Bat 72";26;0
4;"Bat 72";27;0
4;"Bat 72";28;0
4;"Bat 72";29;2
4;"Bat 72";30;0
4;"Bat 72";31;0
4;"Bat 72";32;0
4;"Bat 72";33;0
4;"Bat 72";34;0
4;"Bat 72";35;1
4;"Bat 72";36;0
4;"Bat 72";37;0
4;"Bat 72";38;0
4;"Bat 72";39;0
4;"Bat 72";40;0
4;"Bat 72";41;0
4;"Bat 72";42;1
4;"Bat 72";43;0
4;"Bat 72";44;0
4;"Bat 72";45;0
4;"Bat 72";46;0
4;"Bat 72";47;2
4;"Bat 72";48;0
4;"Bat 72";49;0
4;"Bat 72";50;0
4;"Bat 72";51;0
4;"Bat 72";52;1
4;"Bat 72";53;0
4;"Bat 72";54;0
4;"Bat 72";55;0
4;"Bat 72";56;2
4;"Bat 72";57;0
4;"Bat 72";58;0
4;"Bat 72";59;0
4;"Bat 72";60;2
4;"Bat 72";61;0
4;"Bat 72";62;0
4;"Bat 72";63;0
4;"Bat 72";64;0
4;"Bat 72";65;1
4;"Bat 72";66;0
5;"Bat 5";1;0
5;"Bat 5";2;0
5;"Bat 5";3;0
5;"Bat 5";4;0
5;"Bat 5";5;0
5;"Bat 5";6;0
5;"Bat 5";7;1
5;"Bat 5";8;0
5;"Bat 5";9;0
5;"Bat 5";10;0
5;"Bat 5";11;1
5;"Bat 5";12;0
5;"Bat 5";13;0
5;"Bat 5";14;0
5;"Bat 5";15;2
5;"Bat 5";16;0
5;"Bat 5";17;0
5;"Bat 5";18;0
5;"Bat 5";19;0
5;"Bat 5";20;1
5;"Bat 5";21;0
5;"Bat 5";22;0
5;"Bat 5";23;0
5;"Bat 5";24;2
5;"Bat 5";25;0
5;"Bat 5";26;0
5;"Bat 5";27;0
5;"Bat 5";28;0
5;"Bat 5";29;2
5;"Bat 5";30;0
5;"Bat 5";31;0
5;"Bat 5";32;0
5;"Bat 5";33;0
5;"Bat 5";34;0
5;"Bat 5";35;1
5;"Bat 5";36;0
5;"Bat 5";37;0
5;"Bat 5";38;0
5;"Bat 5";39;0
5;"Bat 5";40;0
5;"Bat 5";41;0
5;"Bat 5";42;1
5;"Bat 5";43;0
5;"Bat 5";44;0
5;"Bat 5";45;0
5;"Bat 5";46;0
5;"Bat 5";47;2
5;"Bat 5";48;0
5;"Bat 5";49;0
5;"Bat 5";50;0
5;"Bat 5";51;0
5;"Bat 5";52;1
5;"Bat 5";53;0
5;"Bat 5";54;0
5;"Bat 5";55;0
5;"Bat 5";56;2
5;"Bat 5";57;0
5;"Bat 5";58;0
5;"Bat 5";59;0
5;"Bat 5";60;2
5;"Bat 5";61;0
5;"Bat 5";62;0
5;"Bat 5";63;0
5;"Bat 5";64;0
5;"Bat 5";65;1
5;"Bat 5";66;0
5;"Bat 5";67;0
5;"Bat 72";1;0
5;"Bat 72";2;0
5;"Bat 72";3;0
5;"Bat 72";4;0
5;"Bat 72";5;0
5;"Bat 72";6;0
5;"Bat 72";7;1
5;"Bat 72";8;0
5;"Bat 72";9;0
5;"Bat 72";10;0
5;"Bat 72";11;1
5;"Bat 72";12;0
5;"Bat 72";13;0
5;"Bat 72";14;0
5;"Bat 72";15;2
5;"Bat 72";16;0
5;"Bat 72";17;0
5;"Bat 72";18;0
5;"Bat 72";19;0
5;"Bat 72";20;1
5;"Bat 72";21;0
5;"Bat 72";22;0
5;"Bat 72";23;0
5;"Bat 72";24;2
5;"Bat 72";25;0
5;"Bat 72";26;0
5;"Bat 72";27;0
5;"Bat 72";28;0
5;"Bat 72";29;2
5;"Bat 72";30;0
5;"Bat 72";31;0
5;"Bat 72";32;0
5;"Bat 72";33;0
5;"Bat 72";34;0
5;"Bat 72";35;1
5;"Bat 72";36;0
5;"Bat 72";37;0
5;"Bat 72";38;0
5;"Bat 72";39;0
5;"Bat 72";40;0
5;"Bat 72";41;0
5;"Bat 72";42;1
5;"Bat 72";43;0
5;"Bat 72";44;0
5;"Bat 72";45;0
5;"Bat 72";46;0
5;"Bat 72";47;2
5;"Bat 72";48;0
5;"Bat 72";49;0
5;"Bat 72";50;0
5;"Bat 72";51;0
5;"Bat 72";52;1
5;"Bat 72";53;0
5;"Bat 72";54;0
5;"Bat 72";55;0
5;"Bat 72";56;2
5;"Bat 72";57;0
5;"Bat 72";58;0
5;"Bat 72";59;0
5;"Bat 72";60;2
5;"Bat 72";61;0
5;"Bat 72";62;0
5;"Bat 72";63;0
5;"Bat 72";64;0
5;"Bat 72";65;1
6;"Bat 5";1;0
6;"Bat 5";2;0
6;"Bat 5";3;0
6;"Bat 5";4;0
6;"Bat 5";5;0
6;"Bat 5";6;0
6;"Bat 5";7;1
6;"Bat 5";8;0
6;"Bat 5";9;0
6;"Bat 5";10;0
6;"Bat 5";11;1
6;"Bat 5";12;0
6;"Bat 5";13;0
6;"Bat 5";14;0
6;"Bat 5";15;2
6;"Bat 5";16;0
6;"Bat 5";17;0
6;"Bat 5";18;0
6;"Bat 5";19;0
6;"Bat 5";20;1
6;"Bat 5";21;0
6;"Bat 5";22;0
6;"Bat 5";23;0
6;"Bat 5";24;2
6;"Bat 5";25;0
6;"Bat 5";26;0
6;"Bat 5";27;0
6;"Bat 5";28;0
6;"Bat 5";29;2
6;"Bat 5";30;0
6;"Bat 5";31;0
6;"Bat 5";32;0
6;"Bat 5";33;0
6;"Bat 5";34;0
6;"Bat 5";35;1
6;"Bat 5";36;0
6;"Bat 5";37;0
6;"Bat 5";38;0
6;"Bat 5";39;0
6;"Bat 5";40;0
6;"Bat 5";41;0
6;"Bat 5";42;1
6;"Bat 5";43;0
6;"Bat 5";44;0
6;"Bat 5";45;0
6;"Bat 5";46;0
6;"Bat 5";47;2
6;"Bat 5";48;0
6;"Bat 5";49;0
6;"Bat 5";50;0
6;"Bat 5";51;0
6;"Bat 5";52;1
6;"Bat 5";53;0
6;"Bat 5";54;0
6;"Bat 5";55;0
6;"Bat 5";56;2
6;"Bat 5";57;0
6;"Bat 5";58;0
6;"Bat 5";59;0
6;"Bat 5";60;2
6;"Bat 5";61;0
6;"Bat 5";62;0
6;"Bat 5";63;0
6;"Bat 5";64;0
6;"Bat 5";65;1
6;"Bat 5";66;0
6;"Bat 5";67;0
6;"Bat 63";1;0
6;"Bat 63";2;0
6;"Bat 63";3;0
6;"Bat 63";4;0
6;"Bat 63";5;0
6;"Bat 63";6;0
6;"Bat 63";7;1
6;"Bat 63";8;0
6;"Bat 63";9;0
6;"Bat 63";10;0
6;"Bat 63";11;1
6;"Bat 63";12;0
6;"Bat 63";13;0
6;"Bat 63";14;0
6;"Bat 63";15;2
6;"Bat 63";16;0
6;"Bat 63";17;0
6;"Bat 63";18;0
6;"Bat 63";19;0
6;"Bat 63";20;1
6;"Bat 63";21;0
6;"Bat 63";22;0
6;"Bat 63";23;0
6;"Bat 63";24;2
6;"Bat 63";25;0
6;"Bat 63";26;0
6;"Bat 63";27;0
6;"Bat 63";28;0
6;"Bat 63";29;2
6;"Bat 63";30;0
6;"Bat 63";31;0
6;"Bat 63";32;0
6;"Bat 63";33;0
6;"Bat 63";34;0
6;"Bat 63";35;1
6;"Bat 63";36;0
6;"Bat 63";37;0
6;"Bat 67";1;0
6;"Bat 67";2;0
6;"Bat 67";3;0
6;"Bat 67";4;0
6;"Bat 67";5;0
6;"Bat 67";6;0
6;"Bat 67";7;1
6;"Bat 67";8;0
6;"Bat 67";9;0
6;"Bat 67";10;0
6;"Bat 67";11;1
6;"Bat 67";12;0
6;"Bat 67";13;0
6;"Bat 67";14;0
6;"Bat 67";15;2
6;"Bat 67";16;0
6;"Bat 67";17;0
6;"Bat 67";18;0
6;"Bat 67";19;0
6;"Bat 67";20;1
6;"Bat 67";21;0
6;"Bat 67";22;0
6;"Bat 67";23;0
6;"Bat 67";24;2
6;"Bat 67";25;0
6;"Bat 67";26;0
6;"Bat 67";27;0
6;"Bat 67";28;0
6;"Bat 67";29;2
6;"Bat 67";30;0
6;"Bat 67";31;0
6;"Bat 67";32;0
6;"Bat 67";33;0
6;"Bat 67";34;0
6;"Bat 67";35;1
6;"Bat 67";36;0
6;"Bat 67";37;0
6;"Bat 67";38;0
6;"Bat 67";39;0
6;"Bat 67";40;0
6;"Bat 67";41;0
6;"Bat 67";42;1
6;"Bat 67";43;0
6;"Bat 67";44;0
6;"Bat 67";45;0
6;"Bat 67";46;0
6;"Bat 67";47;2
6;"Bat 67";48;0
6;"Bat 67";49;0
6;"Bat 67";50;0
6;"Bat 67";51;0
6;"Bat 67";52;1
6;"Bat 67";53;0
6;"Bat 67";54;0
6;"Bat 67";55;0
6;"Bat 67";56;2
6;"Bat 67";57;0
6;"Bat 67";58;0
6;"Bat 67";59;0
6;"Bat 67";60;2
6;"Bat 67";61;0
6;"Bat 67";62;0
6;"Bat 67";63;0
6;"Bat 67";64;0
6;"Bat 67";65;1
6;"Bat 67";66;0
6;"Bat 67";67;0
6;"Bat 67";68;0
6;"Bat 72";1;0
6;"Bat 72";2;0
6;"Bat 72";3;0
6;"Bat 72";4;0
6;"Bat 72";5;0
6;"Bat 72";6;0
6;"Bat 72";7;1
6;"Bat 72";8;0
6;"Bat 72";9;0
6;"Bat 72";10;0
6;"Bat 72";11;1
6;"Bat 72";12;0
6;"Bat 72";13;0
6;"Bat 72";14;0
6;"Bat 72";15;2
6;"Bat 72";16;0
6;"Bat 72";17;0
6;"Bat 72";18;0
6;"Bat 72";19;0
6;"Bat 72";20;1
6;"Bat 72";21;0
6;"Bat 72";22;0
6;"Bat 72";23;0
6;"Bat 72";24;2
6;"Bat 72";25;0
6;"Bat 72";26;0
6;"Bat 72";27;0
6;"Bat 72";28;0
6;"Bat 72";29;2
6;"Bat 72";30;0
6;"Bat 72";31;0
6;"Bat 72";32;0
6;"Bat 72";33;0
6;"Bat 72";34;0
6;"Bat 72";35;1
6;"Bat 72";36;0
6;"Bat 72";37;0
6;"Bat 72";38;0
6;"Bat 72";39;0
6;"Bat 72";40;0
6;"Bat 72";41;0
6;"Bat 72";42;1
6;"Bat 72";43;0
6;"Bat 72";44;0
6;"Bat 72";45;0
6;"Bat 72";46;0
6;"Bat 72";47;2
6;"Bat 72";48;0
6;"Bat 72";49;0
6;"Bat 72";50;0
6;"Bat 72";51;0
6;"Bat 72";52;1
6;"Bat 72";53;0
6;"Bat 72";54;0
6;"Bat 72";55;0
6;"Bat 72";56;2
6;"Bat 72";57;0
6;"Bat 72";58;0
6;"Bat 72";59;0
6;"Bat 72";60;2
6;"Bat 72";61;0
6;"Bat 72";62;0
6;"Bat 72";63;0
6;"Bat 72";64;0
7;"Bat 61";1;0
7;"Bat 61";2;0
7;"Bat 61";3;0
7;"Bat 61";4;0
7;"Bat 61";5;0
7;"Bat 61";6;0
7;"Bat 61";7;1
7;"Bat 61";8;0
7;"Bat 61";9;0
7;"Bat 61";10;0
7;"Bat 61";11;1
7;"Bat 61";12;0
7;"Bat 61";13;0
7;"Bat 61";14;0
7;"Bat 61";15;2
7;"Bat 61";16;0
7;"Bat 61";17;0
7;"Bat 61";18;0
7;"Bat 61";19;0
7;"Bat 61";20;1
7;"Bat 61";21;0
7;"Bat 61";22;0
7;"Bat 61";23;0
7;"Bat 61";24;2
7;"Bat 61";25;0
7;"Bat 61";26;0
7;"Bat 61";27;0
7;"Bat 61";28;0
7;"Bat 61";29;2
7;"Bat 61";30;0
7;"Bat 61";31;0
7;"Bat 61";32;0
7;"Bat 61";33;0
7;"Bat 61";34;0
7;"Bat 61";35;1
7;"Bat 61";36;0
7;"Bat 61";37;0
7;"Bat 61";38;0
7;"Bat 61";39;0
7;"Bat 61";40;0
7;"Bat 61";41;0
7;"Bat 61";42;1
7;"Bat 61";43;0
7;"Bat 61";44;0
7;"Bat 61";45;0
7;"Bat 61";46;0
7;"Bat 61";47;2
7;"Bat 61";48;0
7;"Bat 61";49;0
7;"Bat 61";50;0
7;"Bat 61";51;0
7;"Bat 61";52;1
7;"Bat 61";53;0
7;"Bat 61";54;0
7;"Bat 61";55;0
7;"Bat 61";56;2
7;"Bat 61";57;0
7;"Bat 61";58;0
7;"Bat 61";59;0
7;"Bat 61";60;2
7;"Bat 61";61;0
7;"Bat 61";62;0
7;"Bat 63";1;0
7;"Bat 63";2;0
7;"Bat 63";3;0
7;"Bat 63";4;0
7;"Bat 63";5;0
7;"Bat 63";6;0
7;"Bat 63";7;1
7;"Bat 63";8;0
7;"Bat 63";9;0
7;"Bat 63";10;0
7;"Bat 63";11;1
7;"Bat 63";12;0
7;"Bat 63";13;0
7;"Bat 63";14;0
7;"Bat 63";15;2
7;"Bat 63";16;0
7;"Bat 63";17;0
7;"Bat 63";18;0
7;"Bat 63";19;0
7;"Bat 63";20;1
7;"Bat 63";21;0
7;"Bat 63";22;0
7;"Bat 63";23;0
7;"Bat 63";24;2
7;"Bat 63";25;0
7;"Bat 63";26;0
7;"Bat 63";27;0
7;"Bat 63";28;0
7;"Bat 63";29;2
7;"Bat 63";30;0
7;"Bat 63";31;0
7;"Bat 63";32;0
7;"Bat 63";33;0
7;"Bat 63";34;0
7;"Bat 63";35;1
7;"Bat 63";36;0
7;"Bat 63";37;0
7;"Bat 63";38;0
7;"Bat 63";39;0
7;"Bat 63";40;0
7;"Bat 63";41;0
7;"Bat 63";42;1
7;"Bat 63";43;0
7;"Bat 63";44;0
7;"Bat 63";45;0
7;"Bat 63";46;0
7;"Bat 63";47;2
7;"Bat 63";48;0
7;"Bat 63";49;0
7;"Bat 63";50;0
7;"Bat 63";51;0
7;"Bat 63";52;1
7;"Bat 63";53;0
7;"Bat 63";54;0
7;"Bat 63";55;0
7;"Bat 63";56;2
7;"Bat 63";57;0
7;"Bat 67";1;0
7;"Bat 67";2;0
7;"Bat 67";3;0
7;"Bat 67";4;0
7;"Bat 67";5;0
7;"Bat 67";6;0
7;"Bat 67";7;1
7;"Bat 67";8;0
7;"Bat 67";9;0
7;"Bat 67";10;0
7;"Bat 67";11;1
7;"Bat 67";12;0
7;"Bat 67";13;0
7;"Bat 67";14;0
7;"Bat 67";15;2
7;"Bat 67";16;0
7;"Bat 67";17;0
7;"Bat 67";18;0
7;"Bat 67";19;0
7;"Bat 67";20;1
7;"Bat 67";21;0
7;"Bat 67";22;0
7;"Bat 67";23;0
7;"Bat 67";24;2
7;"Bat 67";25;0
7;"Bat 67";26;0
7;"Bat 67";27;0
7;"Bat 67";28;0
7;"Bat 67";29;2
7;"Bat 67";30;0
7;"Bat 67";31;0
7;"Bat 67";32;0
7;"Bat 67";33;0
7;"Bat 67";34;0
7;"Bat 67";35;1
7;"Bat 67";36;0
7;"Bat 67";37;0
7;"Bat 67";38;0
7;"Bat 67";39;0
7;"Bat 67";40;0
7;"Bat 67";41;0
7;"Bat 67";42;1
7;"Bat 67";43;0
7;"Bat 67";44;0
7;"Bat 67";45;0
7;"Bat 67";46;0
7;"Bat 67";47;2
7;"Bat 67";48;0
7;"Bat 67";49;0
7;"Bat 67";50;0
7;"Bat 67";51;0
7;"Bat 67";52;1
7;"Bat 67";53;0
7;"Bat 67";54;0
7;"Bat 67";55;0
7;"Bat 67";56;2
7;"Bat 67";57;0
7;"Bat 67";58;0
7;"Bat 67";59;0
7;"Bat 67";60;2
7;"Bat 67";61;0
7;"Bat 67";62;0
7;"Bat 67";63;0
7;"Bat 67";64;0
7;"Bat 67";65;1
7;"Bat 67";66;0
7;"Bat 67";67;0
7;"Bat 67";68;0
7;"Bat 67";69;0
8;"Bat 61";1;0
8;"Bat 61";2;0
8;"Bat 61";3;0
8;"Bat 61";4;0
8;"Bat 61";5;0
8;"Bat 61";6;0
8;"Bat 61";7;1
8;"Bat 61";8;0
8;"Bat 61";9;0
8;"Bat 61";10;0
8;"Bat 61";11;1
8;"Bat 61";12;0
8;"Bat 61";13;0
8;"Bat 61";14;0
8;"Bat 61";15;2
8;"Bat 61";16;0
8;"Bat 61";17;0
8;"Bat 61";18;0
8;"Bat 61";19;0
8;"Bat 61";20;1
8;"Bat 61";21;0
8;"Bat 61";22;0
8;"Bat 61";23;0
8;"Bat 61";24;2
8;"Bat 61";25;0
8;"Bat 61";26;0
8;"Bat 61";27;0
8;"Bat 61";28;0
8;"Bat 61";29;2
8;"Bat 61";30;0
8;"Bat 61";31;0
8;"Bat 61";32;0
8;"Bat 61";33;0
8;"Bat 61";34;0
8;"Bat 61";35;1
8;"Bat 61";36;0
8;"Bat 61";37;0
8;"Bat 61";38;0
8;"Bat 61";39;0
8;"Bat 61";40;0
8;"Bat 61";41;0
8;"Bat 61";42;1
8;"Bat 61";43;0
8;"Bat 61";44;0
8;"Bat 61";45;0
8;"Bat 61";46;0
8;"Bat 61";47;2
8;"Bat 61";48;0
8;"Bat 61";49;0
8;"Bat 61";50;0
8;"Bat 61";51;0
8;"Bat 61";52;1
8;"Bat 63";1;0
8;"Bat 63";2;0
8;"Bat 63";3;0
8;"Bat 63";4;0
8;"Bat 63";5;0
8;"Bat 63";6;0
8;"Bat 63";7;1
8;"Bat 63";8;0
8;"Bat 63";9;0
8;"Bat 63";10;0
8;"Bat 63";11;1
8;"Bat 63";12;0
8;"Bat 63";13;0
8;"Bat 63";14;0
8;"Bat 63";15;2
8;"Bat 63";16;0
8;"Bat 63";17;0
8;"Bat 63";18;0
8;"Bat 63";19;0
8;"Bat 63";20;1
8;"Bat 63";21;0
8;"Bat 63";22;0
8;"Bat 63";23;0
8;"Bat 63";24;2
8;"Bat 63";25;0
8;"Bat 63";26;0
8;"Bat 63";27;0
8;"Bat 63";28;0
8;"Bat 63";29;2
8;"Bat 63";30;0
8;"Bat 63";31;0
8;"Bat 63";32;0
8;"Bat 63";33;0
8;"Bat 63";34;0
8;"Bat 63";35;1
8;"Bat 63";36;0
8;"Bat 63";37;0
8;"Bat 63";38;0
8;"Bat 63";39;0
8;"Bat 63";40;0
8;"Bat 63";41;0
8;"Bat 63";42;1
8;"Bat 63";43;0
8;"Bat 63";44;0
8;"Bat 63";45;0
8;"Bat 63";46;0
8;"Bat 63";47;2
8;"Bat 63";48;0
8;"Bat 63";49;0
8;"Bat 63";50;0
8;"Bat 63";51;0
8;"Bat 63";52;1
8;"Bat 63";53;0
8;"Bat 63";54;0
8;"Bat 63";55;0
8;"Bat 63";56;2
8;"Bat 63";57;0
8;"Bat 63";58;0
8;"Bat 63";59;0
8;"Bat 63";60;2
8;"Bat 63";61;0
8;"Bat 63";62;0
8;"Bat 63";63;0
8;"Bat 63";64;0
8;"Bat 63";65;1
8;"Bat 63";66;0
8;"Bat 63";67;0
8;"Bat 63";68;0
8;"Bat 63";69;0
8;"Bat 63";70;0
8;"Bat 63";71;0
8;"Bat 67";1;0
8;"Bat 67";2;0
8;"Bat 67";3;0
8;"Bat 67";4;0
8;"Bat 67";5;0
8;"Bat 67";6;0
8;"Bat 67";7;1
8;"Bat 67";8;0
8;"Bat 67";9;0
8;"Bat 67";10;0
8;"Bat 67";11;1
8;"Bat 67";12;0
8;"Bat 67";13;0
8;"Bat 67";14;0
8;"Bat 67";15;2
8;"Bat 67";16;0
8;"Bat 67";17;0
8;"Bat 67";18;0
8;"Bat 67";19;0
8;"Bat 67";20;1
8;"Bat 67";21;0
8;"Bat 67";22;0
8;"Bat 67";23;0
8;"Bat 67";24;2
8;"Bat 67";25;0
8;"Bat 67";26;0
8;"Bat 67";27;0
8;"Bat 67";28;0
8;"Bat 67";29;2
8;"Bat 67";30;0
8;"Bat 67";31;0
8;"Bat 67";32;0
8;"Bat 67";33;0
8;"Bat 67";34;0
8;"Bat 67";35;1
8;"Bat 67";36;0
8;"Bat 67";37;0
8;"Bat 67";38;0
8;"Bat 67";39;0
8;"Bat 67";40;0
8;"Bat 67";41;0
8;"Bat 67";42;1
8;"Bat 67";43;0
8;"Bat 67";44;0
8;"Bat 67";45;0
8;"Bat 67";46;0
8;"Bat 67";47;2
8;"Bat 67";48;0
8;"Bat 67";49;0
8;"Bat 67";50;0
8;"Bat 67";51;0
8;"Bat 67";52;1
8;"Bat 67";53;0
8;"Bat 67";54;0
8;"Bat 67";55;0
8;"Bat 67";56;2
8;"Bat 67";57;0
8;"Bat 67";58;0
8;"Bat 67";59;0
8;"Bat 67";60;2
8;"Bat 67";61;0
8;"Bat 67";62;0
8;"Bat 67";63;0
8;"Bat 67";64;0
8;"Bat 67";65;1
8;"Bat 67";66;0
8;"Bat 67";67;0
8;"Bat 67";68;0
8;"Bat 67";69;0
8;"Bat 67";70;0
9;"Bat 101";1;0
9;"Bat 101";2;0
9;"Bat 101";3;0
9;"Bat 101";4;0
9;"Bat 101";5;0
9;"Bat 101";6;0
9;"Bat 101";7;1
9;"Bat 101";8;0
9;"Bat 101";9;0
9;"Bat 101";10;0
9;"Bat 101";11;1
9;"Bat 101";12;0
9;"Bat 101";13;0
9;"Bat 101";14;0
9;"Bat 101";15;2
9;"Bat 101";16;0
9;"Bat 101";17;0
9;"Bat 101";18;0
9;"Bat 101";19;0
9;"Bat 101";20;1
9;"Bat 101";21;0
9;"Bat 101";22;0
9;"Bat 101";23;0
9;"Bat 101";24;2
9;"Bat 101";25;0
9;"Bat 101";26;0
9;"Bat 101";27;0
9;"Bat 101";28;0
9;"Bat 101";29;2
9;"Bat 101";30;0
9;"Bat 101";31;0
9;"Bat 101";32;0
9;"Bat 101";33;0
9;"Bat 101";34;0
9;"Bat 101";35;1
9;"Bat 101";36;0
9;"Bat 101";37;0
9;"Bat 101";38;0
9;"Bat 101";39;0
9;"Bat 101";40;0
9;"Bat 101";41;0
9;"Bat 101";42;1
9;"Bat 101";43;0
9;"Bat 101";44;0
9;"Bat 101";45;0
9;"Bat 101";46;0
9;"Bat 101";47;2
9;"Bat 101";48;0
9;"Bat 101";49;0
9;"Bat 101";50;0
9;"Bat 101";51;0
9;"Bat 101";52;1
9;"Bat 101";53;0
9;"Bat 101";54;0
9;"Bat 101";55;0
9;"Bat 101";56;2
9;"Bat 101";57;0
9;"Bat 101";58;0
9;"Bat 101";59;0
9;"Bat 101";60;2
9;"Bat 101";61;0
9;"Bat 101";62;0
9;"Bat 101";63;0
9;"Bat 101";64;0
9;"Bat 101";65;1
9;"Bat 101";66;0
9;"Bat 101";67;0
9;"Bat 101";68;0
9;"Bat 101";69;0
9;"Bat 101";70;0
9;"Bat 101";71;0
9;"Bat 61";1;0
9;"Bat 61";2;0
9;"Bat 61";3;0
9;"Bat 61";4;0
9;"Bat 61";5;0
9;"Bat 61";6;0
9;"Bat 61";7;1
9;"Bat 61";8;0
9;"Bat 61";9;0
9;"Bat 61";10;0
9;"Bat 61";11;1
9;"Bat 61";12;0
9;"Bat 61";13;0
9;"Bat 61";14;0
9;"Bat 61";15;2
9;"Bat 61";16;0
9;"Bat 61";17;0
9;"Bat 61";18;0
9;"Bat 61";19;0
9;"Bat 61";20;1
9;"Bat 61";21;0
9;"Bat 61";22;0
9;"Bat 61";23;0
9;"Bat 61";24;2
9;"Bat 61";25;0
9;"Bat 61";26;0
9;"Bat 61";27;0
9;"Bat 61";28;0
9;"Bat 61";29;2
9;"Bat 61";30;0
9;"Bat 61";31;0
9;"Bat 61";32;0
9;"Bat 61";33;0
9;"Bat 61";34;0
9;"Bat 61";35;1
9;"Bat 61";36;0
9;"Bat 61";37;0
9;"Bat 61";38;0
9;"Bat 61";39;0
9;"Bat 61";40;0
9;"Bat 61";41;0
9;"Bat 61";42;1
9;"Bat 61";43;0
9;"Bat 61";44;0
9;"Bat 61";45;0
9;"Bat 61";46;0
9;"Bat 61";47;2
9;"Bat 61";48;0
9;"Bat 61";49;0
9;"Bat 61";50;0
10;"Bat 101";1;0
10;"Bat 101";2;0
10;"Bat 101";3;0
10;"Bat 101";4;0
10;"Bat 101";5;0
10;"Bat 101";6;0
10;"Bat 101";7;1
10;"Bat 101";8;0
10;"Bat 101";9;0
10;"Bat 101";10;0
10;"Bat 101";11;1
10;"Bat 101";12;0
10;"Bat 101";13;0
10;"Bat 101";14;0
10;"Bat 101";15;2
10;"Bat 101";16;0
10;"Bat 101";17;0
10;"Bat 101";18;0
10;"Bat 101";19;0
10;"Bat 101";20;1
10;"Bat 101";21;0
10;"Bat 101";22;0
10;"Bat 101";23;0
10;"Bat 101";24;2
10;"Bat 101";25;0
10;"Bat 101";26;0
10;"Bat 101";27;0
10;"Bat 101";28;0
10;"Bat 101";29;2
10;"Bat 101";30;0
10;"Bat 101";31;0
10;"Bat 101";32;0
10;"Bat 101";33;0
10;"Bat 101";34;0
10;"Bat 101";35;1
10;"Bat 101";36;0
10;"Bat 101";37;0
10;"Bat 101";38;0
10;"Bat 101";39;0
10;"Bat 101";40;0
10;"Bat 101";41;0
10;"Bat 101";42;1
10;"Bat 101";43;0
10;"Bat 101";44;0
10;"Bat 101";45;0
10;"Bat 101";46;0
10;"Bat 101";47;2
10;"Bat 101";48;0
10;"Bat 101";49;0
10;"Bat 101";50;0
10;"Bat 101";51;0
10;"Bat 101";52;1
10;"Bat 101";53;0
10;"Bat 101";54;0
10;"Bat 101";55;0
10;"Bat 101";56;2
10;"Bat 101";57;0
10;"Bat 101";58;0
10;"Bat 101";59;0
10;"Bat 101";60;2
10;"Bat 101";61;0
10;"Bat 101";62;0
10;"Bat 101";63;0
10;"Bat 101";64;0
10;"Bat 101";65;1
11;"Bat 101";1;0
11;"Bat 101";2;0
11;"Bat 101";3;0
11;"Bat 101";4;0
11;"Bat 101";5;0
11;"Bat 101";6;0
11;"Bat 101";7;1
11;"Bat 101";8;0
11;"Bat 101";9;0
11;"Bat 101";10;0
11;"Bat 101";11;1
11;"Bat 101";12;0
11;"Bat 101";13;0
11;"Bat 101";14;0
11;"Bat 101";15;2
11;"Bat 101";16;0
11;"Bat 101";17;0
11;"Bat 101";18;0
11;"Bat 101";19;0
11;"Bat 101";20;1
11;"Bat 101";21;0
11;"Bat 101";22;0
11;"Bat 101";23;0
11;"Bat 101";24;2
11;"Bat 101";25;0
11;"Bat 101";26;0
11;"Bat 101";27;0
11;"Bat 101";28;0
11;"Bat 101";29;2
11;"Bat 101";30;0
11;"Bat 101";31;0
11;"Bat 101";32;0
11;"Bat 101";33;0
11;"Bat 101";34;0
11;"Bat 101";35;1
11;"Bat 101";36;0
11;"Bat 101";37;0
11;"Bat 101";38;0
11;"Bat 101";39;0
11;"Bat 101";40;0
11;"Bat 101";41;0
11;"Bat 101";42;1
11;"Bat 101";43;0
11;"Bat 101";44;0
11;"Bat 101";45;0
11;"Bat 101";46;0
11;"Bat 101";47;2
11;"Bat 101";48;0
11;"Bat 101";49;0
11;"Bat 101";50;0
11;"Bat 101";51;0
11;"Bat 101";52;1
11;"Bat 101";53;0
11;"Bat 101";54;0
11;"Bat 101";55;0
11;"Bat 101";56;2
11;"Bat 101";57;0
11;"Bat 101";58;0
11;"Bat 101";59;0
11;"Bat 101";60;2
11;"Bat 101";61;0
11;"Bat 101";62;0
11;"Bat 101";63;0
11;"Bat 101";64;0
11;"Bat 101";65;1
11;"Bat 101";66;0
11;"Bat 101";67;0
11;"Bat 101";68;0
11;"Bat 101";69;0
11;"Bat 101";70;0
11;"Bat 101";71;0
11;"Bat 101";72;2
13;"Bat 22";1;0
13;"Bat 22";2;0
13;"Bat 22";3;0
13;"Bat 22";4;0
13;"Bat 22";5;0
13;"Bat 22";6;0
13;"Bat 22";7;1
13;"Bat 22";8;0
13;"Bat 22";9;0
13;"Bat 22";10;0
13;"Bat 22";11;1
13;"Bat 22";12;0
13;"Bat 22";13;0
13;"Bat 22";14;0
13;"Bat 22";15;2
13;"Bat 22";16;0
13;"Bat 22";17;0
13;"Bat 22";18;0
13;"Bat 22";19;0
13;"Bat 22";20;1
13;"Bat 22";21;0
13;"Bat 22";22;0
13;"Bat 22";23;0
13;"Bat 22";24;2
13;"Bat 22";25;0
13;"Bat 22";26;0
13;"Bat 22";27;0
13;"Bat 22";28;0
13;"Bat 22";29;2
13;"Bat 22";30;0
13;"Bat 22";31;0
13;"Bat 22";32;0
13;"Bat 22";33;0
13;"Bat 22";34;0
13;"Bat 22";35;1
13;"Bat 22";36;0
13;"Bat 22";37;0
13;"Bat 22";38;0
13;"Bat 22";39;0
13;"Bat 22";40;0
13;"Bat 22";41;0
13;"Bat 22";42;1
13;"Bat 22";43;0
13;"Bat 22";44;0
13;"Bat 22";45;0
13;"Bat 22";46;0
13;"Bat 22";47;2
13;"Bat 22";48;0
13;"Bat 22";49;0
13;"Bat 22";50;0
13;"Bat 22";51;0
13;"Bat 22";52;1
13;"Bat 22";53;0
13;"Bat 22";54;0
13;"Bat 22";55;0
13;"Bat 22";56;2
13;"Bat 22";57;0
13;"Bat 22";58;0
13;"Bat 22";59;0
13;"Bat 22";60;2
13;"Bat 22";61;0
13;"Bat 22";62;0
13;"Bat 22";63;0
13;"Bat 22";64;0
13;"Bat 22";65;1
13;"Bat 22";66;0
13;"Bat 22";67;0
13;"Bat 22";68;0
13;"Bat 22";69;0
13;"Bat 33";1;0
13;"Bat 33";2;0
13;"Bat 33";3;0
13;"Bat 33";4;0
13;"Bat 33";5;0
13;"Bat 33";6;0
13;"Bat 33";7;1
13;"Bat 33";8;0
13;"Bat 33";9;0
13;"Bat 33";10;0
13;"Bat 33";11;1
13;"Bat 33";12;0
13;"Bat 33";13;0
13;"Bat 33";14;0
13;"Bat 33";15;2
13;"Bat 33";16;0
13;"Bat 33";17;0
13;"Bat 33";18;0
13;"Bat 33";19;0
13;"Bat 33";20;1
13;"Bat 33";21;0
13;"Bat 33";22;0
13;"Bat 33";23;0
13;"Bat 33";24;2
13;"Bat 33";25;0
13;"Bat 33";26;0
13;"Bat 33";27;0
13;"Bat 33";28;0
13;"Bat 33";29;2
13;"Bat 33";30;0
13;"Bat 33";31;0
13;"Bat 33";32;0
13;"Bat 33";33;0
13;"Bat 33";34;0
13;"Bat 33";35;1
13;"Bat 33";36;0
13;"Bat 33";37;0
13;"Bat 33";38;0
13;"Bat 33";39;0
13;"Bat 33";40;0
13;"Bat 33";41;0
13;"Bat 33";42;1
13;"Bat 33";43;0
13;"Bat 33";44;0
13;"Bat 33";45;0
13;"Bat 33";46;0
13;"Bat 33";47;2
13;"Bat 33";48;0
13;"Bat 33";49;0
13;"Bat 33";50;0
13;"Bat 33";51;0
13;"Bat 33";52;1
13;"Bat 33";53;0
13;"Bat 33";54;0
13;"Bat 33";55;0
13;"Bat 33";56;2
13;"Bat 33";57;0
13;"Bat 33";58;0
13;"Bat 33";59;0
13;"Bat 33";60;2
13;"Bat 33";61;0
13;"Bat 33";62;0
13;"Bat 33";63;0
13;"Bat 33";64;0
13;"Bat 33";65;1
13;"Bat 33";66;0
13;"Bat 33";67;0
14;"Bat 22";1;0
14;"Bat 22";2;0
14;"Bat 22";3;0
14;"Bat 22";4;0
14;"Bat 22";5;0
14;"Bat 22";6;0
14;"Bat 22";7;1
14;"Bat 22";8;0
14;"Bat 22";9;0
14;"Bat 22";10;0
14;"Bat 22";11;1
14;"Bat 22";12;0
14;"Bat 22";13;0
14;"Bat 22";14;0
14;"Bat 22";15;2
14;"Bat 22";16;0
14;"Bat 22";17;0
14;"Bat 22";18;0
14;"Bat 22";19;0
14;"Bat 22";20;1
14;"Bat 22";21;0
14;"Bat 22";22;0
14;"Bat 22";23;0
14;"Bat 22";24;2
14;"Bat 22";25;0
14;"Bat 22";26;0
14;"Bat 22";27;0
14;"Bat 22";28;0
14;"Bat 22";29;2
14;"Bat 22";30;0
14;"Bat 22";31;0
14;"Bat 22";32;0
14;"Bat 22";33;0
14;"Bat 22";34;0
14;"Bat 22";35;1
14;"Bat 22";36;0
14;"Bat 22";37;0
14;"Bat 22";38;0
14;"Bat 22";39;0
14;"Bat 22";40;0
14;"Bat 22";41;0
14;"Bat 22";42;1
14;"Bat 22";43;0
14;"Bat 22";44;0
14;"Bat 22";45;0
14;"Bat 22";46;0
14;"Bat 22";47;2
14;"Bat 22";48;0
14;"Bat 22";49;0
14;"Bat 22";50;0
14;"Bat 22";51;0
14;"Bat 22";52;1
14;"Bat 22";53;0
14;"Bat 22";54;0
14;"Bat 22";55;0
14;"Bat 22";56;2
14;"Bat 22";57;0
14;"Bat 22";58;0
14;"Bat 22";59;0
14;"Bat 22";60;2
14;"Bat 22";61;0
14;"Bat 22";62;0
14;"Bat 22";63;0
14;"Bat 22";64;0
14;"Bat 22";65;1
14;"Bat 22";66;0
14;"Bat 22";67;0
14;"Bat 22";68;0
14;"Bat 22";69;0
14;"Bat 33";1;0
14;"Bat 33";2;0
14;"Bat 33";3;0
14;"Bat 33";4;0
14;"Bat 33";5;0
14;"Bat 33";6;0
14;"Bat 33";7;1
14;"Bat 33";8;0
14;"Bat 33";9;0
14;"Bat 33";10;0
14;"Bat 33";11;1
14;"Bat 33";12;0
14;"Bat 33";13;0
14;"Bat 33";14;0
14;"Bat 33";15;2
14;"Bat 33";16;0
14;"Bat 33";17;0
14;"Bat 33";18;0
14;"Bat 33";19;0
14;"Bat 33";20;1
14;"Bat 33";21;0
14;"Bat 33";22;0
14;"Bat 33";23;0
14;"Bat 33";24;2
14;"Bat 33";25;0
14;"Bat 33";26;0
14;"Bat 33";27;0
14;"Bat 33";28;0
14;"Bat 33";29;2
14;"Bat 33";30;0
14;"Bat 33";31;0
14;"Bat 33";32;0
14;"Bat 33";33;0
14;"Bat 33";34;0
14;"Bat 33";35;1
14;"Bat 33";36;0
14;"Bat 33";37;0
14;"Bat 33";38;0
14;"Bat 33";39;0
14;"Bat 33";40;0
14;"Bat 33";41;0
14;"Bat 33";42;1
14;"Bat 33";43;0
14;"Bat 33";44;0
14;"Bat 33";45;0
14;"Bat 33";46;0
14;"Bat 33";47;2
14;"Bat 33";48;0
14;"Bat 33";49;0
14;"Bat 33";50;0
14;"Bat 33";51;0
14;"Bat 33";52;1
14;"Bat 33";53;0
14;"Bat 33";54;0
14;"Bat 33";55;0
14;"Bat 33";56;2
14;"Bat 33";57;0
14;"Bat 33";58;0
14;"Bat 33";59;0
14;"Bat 33";60;2
14;"Bat 33";61;0
14;"Bat 33";62;0
14;"Bat 33";63;0
14;"Bat 33";64;0
14;"Bat 33";65;1
14;"Bat 33";66;0
14;"Bat 33";67;0
14;"Bat 33";68;0
14;"Bat 33";69;0
14;"Bat 58";1;0
14;"Bat 58";2;0
14;"Bat 58";3;0
14;"Bat 58";4;0
14;"Bat 58";5;0
14;"Bat 58";6;0
14;"Bat 58";7;1
14;"Bat 58";8;0
14;"Bat 58";9;0
14;"Bat 58";10;0
14;"Bat 58";11;1
14;"Bat 58";12;0
14;"Bat 58";13;0
14;"Bat 58";14;0
14;"Bat 58";15;2
14;"Bat 58";16;0
14;"Bat 58";17;0
14;"Bat 58";18;0
14;"Bat 58";19;0
14;"Bat 58";20;1
14;"Bat 58";21;0
14;"Bat 58";22;0
14;"Bat 58";23;0
14;"Bat 58";24;2
14;"Bat 58";25;0
14;"Bat 58";26;0
14;"Bat 58";27;0
14;"Bat 58";28;0
14;"Bat 58";29;2
14;"Bat 58";30;0
14;"Bat 58";31;0
14;"Bat 58";32;0
14;"Bat 58";33;0
14;"Bat 58";34;0
14;"Bat 58";35;1
14;"Bat 58";36;0
14;"Bat 58";37;0
14;"Bat 58";38;0
14;"Bat 58";39;0
14;"Bat 58";40;0
14;"Bat 58";41;0
14;"Bat 58";42;1
14;"Bat 58";43;0
14;"Bat 58";44;0
14;"Bat 58";45;0
14;"Bat 58";46;0
14;"Bat 58";47;2
14;"Bat 58";48;0
14;"Bat 58";49;0
14;"Bat 58";50;0
14;"Bat 58";51;0
14;"Bat 58";52;1
14;"Bat 58";53;0
14;"Bat 58";54;0
14;"Bat 58";55;0
14;"Bat 58";56;2
14;"Bat 58";57;0
14;"Bat 58";58;0
14;"Bat 58";59;0
14;"Bat 58";60;2
14;"Bat 58";61;0
14;"Bat 58";62;0
14;"Bat 58";63;0
14;"Bat 58";64;0
14;"Bat 94";1;0
14;"Bat 94";2;0
14;"Bat 94";3;0
14;"Bat 94";4;0
14;"Bat 94";5;0
14;"Bat 94";6;0
14;"Bat 94";7;1
14;"Bat 94";8;0
14;"Bat 94";9;0
14;"Bat 94";10;0
14;"Bat 94";11;1
14;"Bat 94";12;0
14;"Bat 94";13;0
14;"Bat 94";14;0
14;"Bat 94";15;2
14;"Bat 94";16;0
14;"Bat 94";17;0
14;"Bat 94";18;0
14;"Bat 94";19;0
14;"Bat 94";20;1
14;"Bat 94";21;0
14;"Bat 94";22;0
14;"Bat 94";23;0
14;"Bat 94";24;2
14;"Bat 94";25;0
14;"Bat 94";26;0
14;"Bat 94";27;0
14;"Bat 94";28;0
14;"Bat 94";29;2
14;"Bat 94";30;0
14;"Bat 94";31;0
14;"Bat 94";32;0
14;"Bat 94";33;0
14;"Bat 94";34;0
14;"Bat 94";35;1
14;"Bat 94";36;0
14;"Bat 94";37;0
14;"Bat 94";38;0
14;"Bat 94";39;0
14;"Bat 94";40;0
14;"Bat 94";41;0
14;"Bat 94";42;1
14;"Bat 94";43;0
14;"Bat 94";44;0
14;"Bat 94";45;0
14;"Bat 94";46;0
14;"Bat 94";47;2
14;"Bat 94";48;0
14;"Bat 94";49;0
14;"Bat 94";50;0
14;"Bat 94";51;0
14;"Bat 94";52;1
14;"Bat 94";53;0
15;"Bat 22";1;0
15;"Bat 22";2;0
15;"Bat 22";3;0
15;"Bat 22";4;0
15;"Bat 22";5;0
15;"Bat 22";6;0
15;"Bat 22";7;1
15;"Bat 22";8;0
15;"Bat 22";9;0
15;"Bat 22";10;0
15;"Bat 22";11;1
15;"Bat 22";12;0
15;"Bat 22";13;0
15;"Bat 22";14;0
15;"Bat 22";15;2
15;"Bat 22";16;0
15;"Bat 22";17;0
15;"Bat 22";18;0
15;"Bat 22";19;0
15;"Bat 22";20;1
15;"Bat 22";21;0
15;"Bat 22";22;0
15;"Bat 22";23;0
15;"Bat 22";24;2
15;"Bat 22";25;0
15;"Bat 22";26;0
15;"Bat 22";27;0
15;"Bat 22";28;0
15;"Bat 22";29;2
15;"Bat 22";30;0
15;"Bat 22";31;0
15;"Bat 22";32;0
15;"Bat 22";33;0
15;"Bat 22";34;0
15;"Bat 22";35;1
15;"Bat 22";36;0
15;"Bat 22";37;0
15;"Bat 22";38;0
15;"Bat 22";39;0
15;"Bat 22";40;0
15;"Bat 22";41;0
15;"Bat 22";42;1
15;"Bat 22";43;0
15;"Bat 22";44;0
15;"Bat 22";45;0
15;"Bat 22";46;0
15;"Bat 22";47;2
15;"Bat 22";48;0
15;"Bat 22";49;0
15;"Bat 22";50;0
15;"Bat 22";51;0
15;"Bat 22";52;1
15;"Bat 22";53;0
15;"Bat 22";54;0
15;"Bat 22";55;0
15;"Bat 22";56;2
15;"Bat 22";57;0
15;"Bat 22";58;0
15;"Bat 22";59;0
15;"Bat 22";60;2
15;"Bat 22";61;0
15;"Bat 33";1;0
15;"Bat 33";2;0
15;"Bat 33";3;0
15;"Bat 33";4;0
15;"Bat 33";5;0
15;"Bat 33";6;0
15;"Bat 33";7;1
15;"Bat 33";8;0
15;"Bat 33";9;0
15;"Bat 33";10;0
15;"Bat 33";11;1
15;"Bat 33";12;0
15;"Bat 33";13;0
15;"Bat 33";14;0
15;"Bat 33";15;2
15;"Bat 33";16;0
15;"Bat 33";17;0
15;"Bat 33";18;0
15;"Bat 33";19;0
15;"Bat 33";20;1
15;"Bat 33";21;0
15;"Bat 33";22;0
15;"Bat 33";23;0
15;"Bat 33";24;2
15;"Bat 33";25;0
15;"Bat 33";26;0
15;"Bat 33";27;0
15;"Bat 33";28;0
15;"Bat 33";29;2
15;"Bat 33";30;0
15;"Bat 33";31;0
15;"Bat 33";32;0
15;"Bat 33";33;0
15;"Bat 33";34;0
15;"Bat 33";35;1
15;"Bat 33";36;0
15;"Bat 33";37;0
15;"Bat 33";38;0
15;"Bat 33";39;0
15;"Bat 33";40;0
15;"Bat 33";41;0
15;"Bat 33";42;1
15;"Bat 33";43;0
15;"Bat 33";44;0
15;"Bat 33";45;0
15;"Bat 33";46;0
15;"Bat 33";47;2
15;"Bat 33";48;0
15;"Bat 33";49;0
15;"Bat 33";50;0
15;"Bat 33";51;0
15;"Bat 33";52;1
15;"Bat 33";53;0
15;"Bat 33";54;0
15;"Bat 33";55;0
15;"Bat 33";56;2
15;"Bat 33";57;0
15;"Bat 33";58;0
15;"Bat 33";59;0
15;"Bat 33";60;2
15;"Bat 33";61;0
15;"Bat 33";62;0
15;"Bat 33";63;0
15;"Bat 33";64;0
15;"Bat 33";65;1
15;"Bat 33";66;0
15;"Bat 33";67;0
15;"Bat 58";1;0
15;"Bat 58";2;0
15;"Bat 58";3;0
15;"Bat 58";4;0
15;"Bat 58";5;0
15;"Bat 58";6;0
15;"Bat 58";7;1
15;"Bat 58";8;0
15;"Bat 58";9;0
15;"Bat 58";10;0
15;"Bat 58";11;1
15;"Bat 58";12;0
15;"Bat 58";13;0
15;"Bat 58";14;0
15;"Bat 58";15;2
15;"Bat 58";16;0
15;"Bat 58";17;0
15;"Bat 58";18;0
15;"Bat 58";19;0
15;"Bat 58";20;1
15;"Bat 58";21;0
15;"Bat 58";22;0
15;"Bat 58";23;0
15;"Bat 58";24;2
15;"Bat 58";25;0
15;"Bat 58";26;0
15;"Bat 58";27;0
15;"Bat 58";28;0
15;"Bat 58";29;2
15;"Bat 58";30;0
15;"Bat 58";31;0
15;"Bat 58";32;0
15;"Bat 58";33;0
15;"Bat 58";34;0
15;"Bat 58";35;1
15;"Bat 58";36;0
15;"Bat 58";37;0
15;"Bat 58";38;0
15;"Bat 58";39;0
15;"Bat 58";40;0
15;"Bat 58";41;0
15;"Bat 58";42;1
15;"Bat 58";43;0
15;"Bat 58";44;0
15;"Bat 58";45;0
15;"Bat 58";46;0
15;"Bat 58";47;2
15;"Bat 58";48;0
15;"Bat 58";49;0
15;"Bat 58";50;0
15;"Bat 58";51;0
15;"Bat 58";52;1
15;"Bat 58";53;0
15;"Bat 58";54;0
15;"Bat 58";55;0
15;"Bat 58";56;2
15;"Bat 58";57;0
15;"Bat 58";58;0
15;"Bat 58";59;0
15;"Bat 58";60;2
15;"Bat 58";61;0
15;"Bat 58";62;0
15;"Bat 58";63;0
15;"Bat 58";64;0
15;"Bat 58";65;1
15;"Bat 58";66;0
15;"Bat 58";67;0
15;"Bat 58";68;0
15;"Bat 94";1;0
15;"Bat 94";2;0
15;"Bat 94";3;0
15;"Bat 94";4;0
15;"Bat 94";5;0
15;"Bat 94";6;0
15;"Bat 94";7;1
15;"Bat 94";8;0
15;"Bat 94";9;0
15;"Bat 94";10;0
15;"Bat 94";11;1
15;"Bat 94";12;0
15;"Bat 94";13;0
15;"Bat 94";14;0
15;"Bat 94";15;2
15;"Bat 94";16;0
15;"Bat 94";17;0
15;"Bat 94";18;0
15;"Bat 94";19;0
15;"Bat 94";20;1
15;"Bat 94";21;0
15;"Bat 94";22;0
15;"Bat 94";23;0
15;"Bat 94";24;2
15;"Bat 94";25;0
15;"Bat 94";26;0
15;"Bat 94";27;0
15;"Bat 94";28;0
15;"Bat 94";29;2
15;"Bat 94";30;0
15;"Bat 94";31;0
15;"Bat 94";32;0
15;"Bat 94";33;0
15;"Bat 94";34;0
15;"Bat 94";35;1
15;"Bat 94";36;0
15;"Bat 94";37;0
15;"Bat 94";38;0
15;"Bat 94";39;0
15;"Bat 94";40;0
15;"Bat 94";41;0
15;"Bat 94";42;1
15;"Bat 94";43;0
15;"Bat 94";44;0
15;"Bat 94";45;0
15;"Bat 94";46;0
15;"Bat 94";47;2
15;"Bat 94";48;0
15;"Bat 94";49;0
15;"Bat 94";50;0
15;"Bat 94";51;0
15;"Bat 94";52;1
15;"Bat 94";53;0
15;"Bat 94";54;0
15;"Bat 94";55;0
15;"Bat 94";56;2
15;"Bat 94";57;0
16;"Bat 58";1;0
16;"Bat 58";2;0
16;"Bat 58";3;0
16;"Bat 58";4;0
16;"Bat 58";5;0
16;"Bat 58";6;0
16;"Bat 58";7;1
16;"Bat 58";8;0
16;"Bat 58";9;0
16;"Bat 58";10;0
16;"Bat 58";11;1
16;"Bat 58";12;0
16;"Bat 58";13;0
16;"Bat 58";14;0
16;"Bat 58";15;2
16;"Bat 58";16;0
16;"Bat 58";17;0
16;"Bat 58";18;0
16;"Bat 58";19;0
16;"Bat 58";20;1
16;"Bat 58";21;0
16;"Bat 58";22;0
16;"Bat 58";23;0
16;"Bat 58";24;2
16;"Bat 58";25;0
16;"Bat 58";26;0
16;"Bat 58";27;0
16;"Bat 58";28;0
16;"Bat 58";29;2
16;"Bat 58";30;0
16;"Bat 58";31;0
16;"Bat 58";32;0
16;"Bat 58";33;0
16;"Bat 58";34;0
16;"Bat 58";35;1
16;"Bat 58";36;0
16;"Bat 58";37;0
16;"Bat 58";38;0
16;"Bat 58";39;0
16;"Bat 58";40;0
16;"Bat 58";41;0
16;"Bat 58";42;1
16;"Bat 58";43;0
16;"Bat 58";44;0
16;"Bat 58";45;0
16;"Bat 58";46;0
16;"Bat 58";47;2
16;"Bat 58";48;0
16;"Bat 58";49;0
16;"Bat 58";50;0
16;"Bat 58";51;0
16;"Bat 58";52;1
16;"Bat 58";53;0
16;"Bat 58";54;0
16;"Bat 58";55;0
16;"Bat 58";56;2
16;"Bat 58";57;0
16;"Bat 58";58;0
16;"Bat 58";59;0
16;"Bat 58";60;2
16;"Bat 58";61;0
16;"Bat 58";62;0
16;"Bat 58";63;0
16;"Bat 58";64;0
16;"Bat 58";65;1
16;"Bat 58";66;0
16;"Bat 58";67;0
16;"Bat 94";1;0
16;"Bat 94";2;0
16;"Bat 94";3;0
16;"Bat 94";4;0
16;"Bat 94";5;0
16;"Bat 94";6;0
16;"Bat 94";7;1
16;"Bat 94";8;0
16;"Bat 94";9;0
16;"Bat 94";10;0
16;"Bat 94";11;1
16;"Bat 94";12;0
16;"Bat 94";13;0
16;"Bat 94";14;0
16;"Bat 94";15;2
16;"Bat 94";16;0
16;"Bat 94";17;0
16;"Bat 94";18;0
16;"Bat 94";19;0
16;"Bat 94";20;1
16;"Bat 94";21;0
16;"Bat 94";22;0
16;"Bat 94";23;0
16;"Bat 94";24;2
16;"Bat 94";25;0
16;"Bat 94";26;0
16;"Bat 94";27;0
16;"Bat 94";28;0
16;"Bat 94";29;2
16;"Bat 94";30;0
16;"Bat 94";31;0
16;"Bat 94";32;0
16;"Bat 94";33;0
16;"Bat 94";34;0
16;"Bat 94";35;1
16;"Bat 94";36;0
16;"Bat 94";37;0
16;"Bat 94";38;0
16;"Bat 94";39;0
16;"Bat 94";40;0
16;"Bat 94";41;0
16;"Bat 94";42;1
16;"Bat 94";43;0
16;"Bat 94";44;0
16;"Bat 94";45;0
16;"Bat 94";46;0
16;"Bat 94";47;2
16;"Bat 94";48;0
16;"Bat 94";49;0
16;"Bat 94";50;0
16;"Bat 94";51;0
16;"Bat 94";52;1
16;"Bat 94";53;0
16;"Bat 94";54;0
16;"Bat 94";55;0
16;"Bat 94";56;2
16;"Bat 94";57;0
16;"Bat 94";58;0
19;"Bat 106";1;0
19;"Bat 106";2;0
19;"Bat 106";3;0
19;"Bat 106";4;0
19;"Bat 106";5;0
19;"Bat 106";6;0
19;"Bat 106";7;1
19;"Bat 106";8;0
19;"Bat 106";9;0
19;"Bat 106";10;0
19;"Bat 106";11;1
19;"Bat 106";12;0
19;"Bat 106";13;0
19;"Bat 106";14;0
19;"Bat 106";15;2
19;"Bat 106";16;0
19;"Bat 106";17;0
19;"Bat 106";18;0
19;"Bat 106";19;0
19;"Bat 106";20;1
19;"Bat 106";21;0
19;"Bat 106";22;0
19;"Bat 106";23;0
19;"Bat 106";24;2
19;"Bat 106";25;0
19;"Bat 106";26;0
19;"Bat 106";27;0
19;"Bat 106";28;0
19;"Bat 106";29;2
19;"Bat 106";30;0
19;"Bat 106";31;0
19;"Bat 106";32;0
19;"Bat 106";33;0
19;"Bat 106";34;0
19;"Bat 106";35;1
19;"Bat 106";36;0
19;"Bat 106";37;0
19;"Bat 106";38;0
19;"Bat 106";39;0
19;"Bat 106";40;0
19;"Bat 106";41;0
19;"Bat 106";42;1
19;"Bat 106";43;0
19;"Bat 106";44;0
19;"Bat 106";45;0
19;"Bat 106";46;0
19;"Bat 106";47;2
19;"Bat 106";48;0
19;"Bat 106";49;0
19;"Bat 106";50;0
19;"Bat 106";51;0
19;"Bat 106";52;1
19;"Bat 106";53;0
19;"Bat 106";54;0
19;"Bat 106";55;0
19;"Bat 106";56;2
19;"Bat 106";57;0
19;"Bat 106";58;0
19;"Bat 106";59;0
19;"Bat 106";60;2
19;"Bat 106";61;0
19;"Bat 106";62;0
19;"Bat 106";63;0
19;"Bat 106";64;0
19;"Bat 106";65;1
19;"Bat 106";66;0
19;"Bat 106";67;0
19;"Bat 106";68;0
19;"Bat 106";69;0
20;"Bat 106";1;0
20;"Bat 106";2;0
20;"Bat 106";3;0
20;"Bat 106";4;0
20;"Bat 106";5;0
20;"Bat 106";6;0
20;"Bat 106";7;1
20;"Bat 106";8;0
20;"Bat 106";9;0
20;"Bat 106";10;0
20;"Bat 106";11;1
20;"Bat 106";12;0
20;"Bat 106";13;0
20;"Bat 106";14;0
20;"Bat 106";15;2
20;"Bat 106";16;0
20;"Bat 106";17;0
20;"Bat 106";18;0
20;"Bat 106";19;0
20;"Bat 106";20;1
20;"Bat 106";21;0
20;"Bat 106";22;0
20;"Bat 106";23;0
20;"Bat 106";24;2
20;"Bat 106";25;0
20;"Bat 106";26;0
20;"Bat 106";27;0
20;"Bat 106";28;0
20;"Bat 106";29;2
20;"Bat 106";30;0
20;"Bat 106";31;0
20;"Bat 106";32;0
20;"Bat 106";33;0
20;"Bat 106";34;0
20;"Bat 106";35;1
20;"Bat 106";36;0
20;"Bat 106";37;0
20;"Bat 106";38;0
20;"Bat 106";39;0
20;"Bat 106";40;0
20;"Bat 106";41;0
20;"Bat 106";42;1
20;"Bat 106";43;0
20;"Bat 106";44;0
20;"Bat 106";45;0
20;"Bat 106";46;0
20;"Bat 106";47;2
20;"Bat 106";48;0
20;"Bat 106";49;0
20;"Bat 106";50;0
20;"Bat 106";51;0
20;"Bat 106";52;1
20;"Bat 106";53;0
20;"Bat 106";54;0
20;"Bat 106";55;0
20;"Bat 106";56;2
20;"Bat 106";57;0
20;"Bat 106";58;0
20;"Bat 106";59;0
20;"Bat 106";60;2
20;"Bat 106";61;0
20;"Bat 106";62;0
20;"Bat 106";63;0
20;"Bat 106";64;0
20;"Bat 106";65;1
21;"Bat 106";1;0
21;"Bat 106";2;0
21;"Bat 106";3;0
21;"Bat 106";4;0
21;"Bat 106";5;0
21;"Bat 106";6;0
21;"Bat 106";7;1
21;"Bat 106";8;0
21;"Bat 106";9;0
21;"Bat 106";10;0
21;"Bat 106";11;1
21;"Bat 106";12;0
21;"Bat 106";13;0
21;"Bat 106";14;0
21;"Bat 106";15;2
21;"Bat 106";16;0
21;"Bat 106";17;0
21;"Bat 106";18;0
21;"Bat 106";19;0
21;"Bat 106";20;1
21;"Bat 106";21;0
21;"Bat 106";22;0
21;"Bat 106";23;0
21;"Bat 106";24;2
21;"Bat 106";25;0
21;"Bat 106";26;0
21;"Bat 106";27;0
21;"Bat 106";28;0
21;"Bat 106";29;2
21;"Bat 106";30;0
21;"Bat 106";31;0
21;"Bat 106";32;0
21;"Bat 106";33;0
21;"Bat 106";34;0
21;"Bat 106";35;1
21;"Bat 106";36;0
21;"Bat 106";37;0
21;"Bat 106";38;0
21;"Bat 106";39;0
21;"Bat 106";40;0
21;"Bat 106";41;0
21;"Bat 106";42;1
21;"Bat 106";43;0
21;"Bat 106";44;0
21;"Bat 106";45;0
21;"Bat 106";46;0
21;"Bat 106";47;2
21;"Bat 106";48;0
21;"Bat 106";49;0
21;"Bat 106";50;0
21;"Bat 106";51;0
21;"Bat 106";52;1
21;"Bat 106";53;0
21;"Bat 106";54;0
21;"Bat 106";55;0
21;"Bat 106";56;2
21;"Bat 106";57;0
21;"Bat 106";58;0
21;"Bat 106";59;0
21;"Bat 106";60;2
21;"Bat 106";61;0
21;"Bat 106";62;0
21;"Bat 106";63;0
21;"Bat 106";64;0
21;"Bat 110";1;0
21;"Bat 110";2;0
21;"Bat 110";3;0
21;"Bat 110";4;0
21;"Bat 110";5;0
21;"Bat 110";6;0
21;"Bat 110";7;1
21;"Bat 110";8;0
21;"Bat 110";9;0
21;"Bat 110";10;0
21;"Bat 110";11;1
21;"Bat 110";12;0
21;"Bat 110";13;0
21;"Bat 110";14;0
21;"Bat 110";15;2
21;"Bat 110";16;0
21;"Bat 110";17;0
21;"Bat 110";18;0
21;"Bat 110";19;0
21;"Bat 110";20;1
21;"Bat 110";21;0
21;"Bat 110";22;0
21;"Bat 110";23;0
21;"Bat 110";24;2
21;"Bat 110";25;0
21;"Bat 110";26;0
21;"Bat 110";27;0
21;"Bat 110";28;0
21;"Bat 110";29;2
21;"Bat 110";30;0
21;"Bat 110";31;0
21;"Bat 110";32;0
21;"Bat 110";33;0
21;"Bat 110";34;0
21;"Bat 110";35;1
21;"Bat 110";36;0
21;"Bat 110";37;0
21;"Bat 110";38;0
21;"Bat 110";39;0
21;"Bat 110";40;0
21;"Bat 110";41;0
21;"Bat 110";42;1
21;"Bat 110";43;0
21;"Bat 110";44;0
21;"Bat 110";45;0
21;"Bat 110";46;0
21;"Bat 110";47;2
21;"Bat 110";48;0
21;"Bat 110";49;0
21;"Bat 110";50;0
21;"Bat 110";51;0
21;"Bat 110";52;1
21;"Bat 110";53;0
21;"Bat 110";54;0
21;"Bat 110";55;0
21;"Bat 110";56;2
21;"Bat 110";57;0
21;"Bat 110";58;0
21;"Bat 110";59;0
21;"Bat 110";60;2
21;"Bat 110";61;0
21;"Bat 110";62;0
21;"Bat 110";63;0
21;"Bat 110";64;0
21;"Bat 110";65;1
21;"Bat 110";66;0
21;"Bat 110";67;0
21;"Bat 110";68;0
21;"Bat 114";1;0
21;"Bat 114";2;0
21;"Bat 114";3;0
21;"Bat 114";4;0
21;"Bat 114";5;0
21;"Bat 114";6;0
21;"Bat 114";7;1
21;"Bat 114";8;0
21;"Bat 114";9;0
21;"Bat 114";10;0
21;"Bat 114";11;1
21;"Bat 114";12;0
21;"Bat 114";13;0
21;"Bat 114";14;0
21;"Bat 114";15;2
21;"Bat 114";16;0
21;"Bat 114";17;0
21;"Bat 114";18;0
21;"Bat 114";19;0
21;"Bat 114";20;1
21;"Bat 114";21;0
21;"Bat 114";22;0
21;"Bat 114";23;0
21;"Bat 114";24;2
21;"Bat 114";25;0
21;"Bat 114";26;0
21;"Bat 114";27;0
21;"Bat 114";28;0
21;"Bat 114";29;2
21;"Bat 114";30;0
21;"Bat 114";31;0
21;"Bat 114";32;0
21;"Bat 114";33;0
21;"Bat 114";34;0
21;"Bat 114";35;1
21;"Bat 114";36;0
21;"Bat 114";37;0
21;"Bat 114";38;0
21;"Bat 114";39;0
21;"Bat 114";40;0
21;"Bat 114";41;0
21;"Bat 114";42;1
21;"Bat 114";43;0
21;"Bat 114";44;0
21;"Bat 114";45;0
21;"Bat 114";46;0
21;"Bat 114";47;2
21;"Bat 114";48;0
21;"Bat 114";49;0
21;"Bat 114";50;0
21;"Bat 114";51;0
21;"Bat 114";52;1
21;"Bat 114";53;0
21;"Bat 114";54;0
21;"Bat 114";55;0
21;"Bat 114";56;2
21;"Bat 114";57;0
21;"Bat 114";58;0
21;"Bat 114";59;0
21;"Bat 114";60;2
21;"Bat 114";61;0
21;"Bat 114";62;0
21;"Bat 114";63;0
21;"Bat 114";64;0
21;"Bat 114";65;1
21;"Bat 114";66;0
21;"Bat 114";67;0
21;"Bat 114";68;0
21;"Bat 114";69;0
21;"Bat 114";70;0
21;"Bat 114";71;0
21;"Bat 114";72;2
22;"Bat 110";1;0
22;"Bat 110";2;0
22;"Bat 110";3;0
22;"Bat 110";4;0
22;"Bat 110";5;0
22;"Bat 110";6;0
22;"Bat 110";7;1
22;"Bat 110";8;0
22;"Bat 110";9;0
22;"Bat 110";10;0
22;"Bat 110";11;1
22;"Bat 110";12;0
22;"Bat 110";13;0
22;"Bat 110";14;0
22;"Bat 110";15;2
22;"Bat 110";16;0
22;"Bat 110";17;0
22;"Bat 110";18;0
22;"Bat 110";19;0
22;"Bat 110";20;1
22;"Bat 110";21;0
22;"Bat 110";22;0
22;"Bat 110";23;0
22;"Bat 110";24;2
22;"Bat 110";25;0
22;"Bat 110";26;0
22;"Bat 110";27;0
22;"Bat 110";28;0
22;"Bat 110";29;2
22;"Bat 110";30;0
22;"Bat 110";31;0
22;"Bat 110";32;0
22;"Bat 110";33;0
22;"Bat 110";34;0
22;"Bat 110";35;1
22;"Bat 110";36;0
22;"Bat 110";37;0
22;"Bat 110";38;0
22;"Bat 110";39;0
22;"Bat 110";40;0
22;"Bat 110";41;0
22;"Bat 110";42;1
22;"Bat 110";43;0
22;"Bat 110";44;0
22;"Bat 110";45;0
22;"Bat 110";46;0
22;"Bat 110";47;2
22;"Bat 110";48;0
22;"Bat 110";49;0
22;"Bat 110";50;0
22;"Bat 110";51;0
22;"Bat 110";52;1
22;"Bat 110";53;0
22;"Bat 110";54;0
22;"Bat 110";55;0
22;"Bat 110";56;2
22;"Bat 110";57;0
22;"Bat 110";58;0
22;"Bat 110";59;0
22;"Bat 110";60;2
22;"Bat 110";61;0
22;"Bat 110";62;0
22;"Bat 110";63;0
22;"Bat 110";64;0
22;"Bat 110";65;1
22;"Bat 110";66;0
22;"Bat 110";67;0
22;"Bat 110";68;0
22;"Bat 114";1;0
22;"Bat 114";2;0
22;"Bat 114";3;0
22;"Bat 114";4;0
22;"Bat 114";5;0
22;"Bat 114";6;0
22;"Bat 114";7;1
22;"Bat 114";8;0
22;"Bat 114";9;0
22;"Bat 114";10;0
22;"Bat 114";11;1
22;"Bat 114";12;0
22;"Bat 114";13;0
22;"Bat 114";14;0
22;"Bat 114";15;2
22;"Bat 114";16;0
22;"Bat 114";17;0
22;"Bat 114";18;0
22;"Bat 114";19;0
22;"Bat 114";20;1
22;"Bat 114";21;0
22;"Bat 114";22;0
22;"Bat 114";23;0
22;"Bat 114";24;2
22;"Bat 114";25;0
22;"Bat 114";26;0
22;"Bat 114";27;0
22;"Bat 114";28;0
22;"Bat 114";29;2
22;"Bat 114";30;0
22;"Bat 114";31;0
22;"Bat 114";32;0
22;"Bat 114";33;0
22;"Bat 114";34;0
22;"Bat 114";35;1
22;"Bat 114";36;0
22;"Bat 114";37;0
22;"Bat 114";38;0
22;"Bat 114";39;0
22;"Bat 114";40;0
22;"Bat 114";41;0
22;"Bat 114";42;1
22;"Bat 114";43;0
22;"Bat 114";44;0
22;"Bat 114";45;0
22;"Bat 114";46;0
22;"Bat 114";47;2
22;"Bat 114";48;0
22;"Bat 114";49;0
22;"Bat 114";50;0
22;"Bat 114";51;0
22;"Bat 114";52;1
22;"Bat 114";53;0
22;"Bat 114";54;0
22;"Bat 114";55;0
22;"Bat 114";56;2
22;"Bat 114";57;0
22;"Bat 114";58;0
22;"Bat 114";59;0
22;"Bat 114";60;2
22;"Bat 114";61;0
22;"Bat 114";62;0
22;"Bat 114";63;0
22;"Bat 114";64;0
22;"Bat 114";65;1
22;"Bat 114";66;0
22;"Bat 114";67;0
22;"Bat 114";68;0
22;"Bat 19";1;0
22;"Bat 19";2;0
22;"Bat 19";3;0
22;"Bat 19";4;0
22;"Bat 19";5;0
22;"Bat 19";6;0
22;"Bat 19";7;1
22;"Bat 19";8;0
22;"Bat 19";9;0
22;"Bat 19";10;0
22;"Bat 19";11;1
22;"Bat 19";12;0
22;"Bat 19";13;0
22;"Bat 19";14;0
22;"Bat 19";15;2
22;"Bat 19";16;0
22;"Bat 19";17;0
22;"Bat 19";18;0
22;"Bat 19";19;0
22;"Bat 19";20;1
22;"Bat 19";21;0
22;"Bat 19";22;0
22;"Bat 19";23;0
22;"Bat 19";24;2
22;"Bat 19";25;0
22;"Bat 19";26;0
22;"Bat 19";27;0
22;"Bat 19";28;0
22;"Bat 19";29;2
22;"Bat 19";30;0
22;"Bat 19";31;0
22;"Bat 19";32;0
22;"Bat 19";33;0
22;"Bat 19";34;0
22;"Bat 19";35;1
22;"Bat 19";36;0
22;"Bat 19";37;0
22;"Bat 19";38;0
22;"Bat 19";39;0
22;"Bat 19";40;0
22;"Bat 19";41;0
22;"Bat 19";42;1
22;"Bat 19";43;0
22;"Bat 19";44;0
22;"Bat 19";45;0
22;"Bat 19";46;0
22;"Bat 19";47;2
22;"Bat 19";48;0
22;"Bat 19";49;0
22;"Bat 19";50;0
22;"Bat 19";51;0
22;"Bat 19";52;1
22;"Bat 19";53;0
22;"Bat 19";54;0
22;"Bat 19";55;0
22;"Bat 19";56;2
22;"Bat 19";57;0
22;"Bat 19";58;0
22;"Bat 19";59;0
22;"Bat 19";60;2
22;"Bat 19";61;0
22;"Bat 19";62;0
22;"Bat 19";63;0
22;"Bat 76";1;0
22;"Bat 76";2;0
22;"Bat 76";3;0
22;"Bat 76";4;0
22;"Bat 76";5;0
22;"Bat 76";6;0
22;"Bat 76";7;1
22;"Bat 76";8;0
22;"Bat 76";9;0
22;"Bat 76";10;0
22;"Bat 76";11;1
22;"Bat 76";12;0
22;"Bat 76";13;0
22;"Bat 76";14;0
22;"Bat 76";15;2
22;"Bat 76";16;0
22;"Bat 76";17;0
22;"Bat 76";18;0
22;"Bat 76";19;0
22;"Bat 76";20;1
22;"Bat 76";21;0
22;"Bat 76";22;0
22;"Bat 76";23;0
22;"Bat 76";24;2
22;"Bat 76";25;0
22;"Bat 76";26;0
22;"Bat 76";27;0
22;"Bat 76";28;0
22;"Bat 76";29;2
22;"Bat 76";30;0
22;"Bat 76";31;0
22;"Bat 76";32;0
22;"Bat 76";33;0
22;"Bat 76";34;0
22;"Bat 76";35;1
22;"Bat 76";36;0
22;"Bat 76";37;0
22;"Bat 76";38;0
22;"Bat 76";39;0
22;"Bat 76";40;0
22;"Bat 76";41;0
22;"Bat 76";42;1
22;"Bat 76";43;0
22;"Bat 76";44;0
22;"Bat 76";45;0
22;"Bat 76";46;0
22;"Bat 76";47;2
22;"Bat 76";48;0
22;"Bat 76";49;0
22;"Bat 76";50;0
22;"Bat 76";51;0
22;"Bat 76";52;1
22;"Bat 76";53;0
22;"Bat 76";54;0
22;"Bat 76";55;0
22;"Bat 76";56;2
22;"Bat 76";57;0
22;"Bat 76";58;0
22;"Bat 76";59;0
22;"Bat 76";60;2
22;"Bat 76";61;0
22;"Bat 76";62;0
23;"Bat 110";1;0
23;"Bat 110";2;0
23;"Bat 110";3;0
23;"Bat 110";4;0
23;"Bat 110";5;0
23;"Bat 110";6;0
23;"Bat 110";7;1
23;"Bat 110";8;0
23;"Bat 110";9;0
23;"Bat 110";10;0
23;"Bat 110";11;1
23;"Bat 110";12;0
23;"Bat 110";13;0
23;"Bat 110";14;0
23;"Bat 110";15;2
23;"Bat 110";16;0
23;"Bat 110";17;0
23;"Bat 110";18;0
23;"Bat 110";19;0
23;"Bat 110";20;1
23;"Bat 110";21;0
23;"Bat 110";22;0
23;"Bat 110";23;0
23;"Bat 110";24;2
23;"Bat 110";25;0
23;"Bat 110";26;0
23;"Bat 110";27;0
23;"Bat 110";28;0
23;"Bat 110";29;2
23;"Bat 110";30;0
23;"Bat 110";31;0
23;"Bat 110";32;0
23;"Bat 110";33;0
23;"Bat 110";34;0
23;"Bat 110";35;1
23;"Bat 110";36;0
23;"Bat 110";37;0
23;"Bat 110";38;0
23;"Bat 110";39;0
23;"Bat 110";40;0
23;"Bat 110";41;0
23;"Bat 110";42;1
23;"Bat 110";43;0
23;"Bat 110";44;0
23;"Bat 110";45;0
23;"Bat 110";46;0
23;"Bat 110";47;2
23;"Bat 110";48;0
23;"Bat 110";49;0
23;"Bat 110";50;0
23;"Bat 110";51;0
23;"Bat 110";52;1
23;"Bat 110";53;0
23;"Bat 110";54;0
23;"Bat 110";55;0
23;"Bat 110";56;2
23;"Bat 110";57;0
23;"Bat 110";58;0
23;"Bat 110";59;0
23;"Bat 110";60;2
23;"Bat 110";61;0
23;"Bat 110";62;0
23;"Bat 110";63;0
23;"Bat 110";64;0
23;"Bat 110";65;1
23;"Bat 110";66;0
23;"Bat 110";67;0
23;"Bat 110";68;0
23;"Bat 110";69;0
23;"Bat 110";70;0
23;"Bat 110";71;0
23;"Bat 110";72;2
23;"Bat 114";1;0
23;"Bat 114";2;0
23;"Bat 114";3;0
23;"Bat 114";4;0
23;"Bat 114";5;0
23;"Bat 114";6;0
23;"Bat 114";7;1
23;"Bat 114";8;0
23;"Bat 114";9;0
23;"Bat 114";10;0
23;"Bat 114";11;1
23;"Bat 114";12;0
23;"Bat 114";13;0
23;"Bat 114";14;0
23;"Bat 114";15;2
23;"Bat 114";16;0
23;"Bat 114";17;0
23;"Bat 114";18;0
23;"Bat 114";19;0
23;"Bat 114";20;1
23;"Bat 114";21;0
23;"Bat 114";22;0
23;"Bat 114";23;0
23;"Bat 114";24;2
23;"Bat 114";25;0
23;"Bat 114";26;0
23;"Bat 114";27;0
23;"Bat 114";28;0
23;"Bat 114";29;2
23;"Bat 114";30;0
23;"Bat 114";31;0
23;"Bat 114";32;0
23;"Bat 114";33;0
23;"Bat 114";34;0
23;"Bat 114";35;1
23;"Bat 114";36;0
23;"Bat 114";37;0
23;"Bat 114";38;0
23;"Bat 114";39;0
23;"Bat 114";40;0
23;"Bat 114";41;0
23;"Bat 114";42;1
23;"Bat 114";43;0
23;"Bat 114";44;0
23;"Bat 114";45;0
23;"Bat 114";46;0
23;"Bat 114";47;2
23;"Bat 114";48;0
23;"Bat 114";49;0
23;"Bat 114";50;0
23;"Bat 114";51;0
23;"Bat 114";52;1
23;"Bat 114";53;0
23;"Bat 114";54;0
23;"Bat 114";55;0
23;"Bat 114";56;2
23;"Bat 114";57;0
23;"Bat 114";58;0
23;"Bat 114";59;0
23;"Bat 114";60;2
23;"Bat 114";61;0
23;"Bat 114";62;0
23;"Bat 114";63;0
23;"Bat 114";64;0
23;"Bat 114";65;1
23;"Bat 114";66;0
23;"Bat 114";67;0
23;"Bat 114";68;0
23;"Bat 19";1;0
23;"Bat 19";2;0
23;"Bat 19";3;0
23;"Bat 19";4;0
23;"Bat 19";5;0
23;"Bat 19";6;0
23;"Bat 19";7;1
23;"Bat 19";8;0
23;"Bat 19";9;0
23;"Bat 19";10;0
23;"Bat 19";11;1
23;"Bat 19";12;0
23;"Bat 19";13;0
23;"Bat 19";14;0
23;"Bat 19";15;2
23;"Bat 19";16;0
23;"Bat 19";17;0
23;"Bat 19";18;0
23;"Bat 19";19;0
23;"Bat 19";20;1
23;"Bat 19";21;0
23;"Bat 19";22;0
23;"Bat 19";23;0
23;"Bat 19";24;2
23;"Bat 19";25;0
23;"Bat 19";26;0
23;"Bat 19";27;0
23;"Bat 19";28;0
23;"Bat 19";29;2
23;"Bat 19";30;0
23;"Bat 19";31;0
23;"Bat 19";32;0
23;"Bat 19";33;0
23;"Bat 19";34;0
23;"Bat 19";35;1
23;"Bat 19";36;0
23;"Bat 19";37;0
23;"Bat 19";38;0
23;"Bat 19";39;0
23;"Bat 19";40;0
23;"Bat 19";41;0
23;"Bat 19";42;1
23;"Bat 19";43;0
23;"Bat 19";44;0
23;"Bat 19";45;0
23;"Bat 19";46;0
23;"Bat 19";47;2
23;"Bat 19";48;0
23;"Bat 19";49;0
23;"Bat 19";50;0
23;"Bat 19";51;0
23;"Bat 19";52;1
23;"Bat 19";53;0
23;"Bat 19";54;0
23;"Bat 76";1;0
23;"Bat 76";2;0
23;"Bat 76";3;0
23;"Bat 76";4;0
23;"Bat 76";5;0
23;"Bat 76";6;0
23;"Bat 76";7;1
23;"Bat 76";8;0
23;"Bat 76";9;0
23;"Bat 76";10;0
23;"Bat 76";11;1
23;"Bat 76";12;0
23;"Bat 76";13;0
23;"Bat 76";14;0
23;"Bat 76";15;2
23;"Bat 76";16;0
23;"Bat 76";17;0
23;"Bat 76";18;0
23;"Bat 76";19;0
23;"Bat 76";20;1
23;"Bat 76";21;0
23;"Bat 76";22;0
23;"Bat 76";23;0
23;"Bat 76";24;2
23;"Bat 76";25;0
23;"Bat 76";26;0
23;"Bat 76";27;0
23;"Bat 76";28;0
23;"Bat 76";29;2
23;"Bat 76";30;0
23;"Bat 76";31;0
23;"Bat 76";32;0
23;"Bat 76";33;0
23;"Bat 76";34;0
23;"Bat 76";35;1
23;"Bat 76";36;0
23;"Bat 76";37;0
23;"Bat 76";38;0
23;"Bat 76";39;0
23;"Bat 76";40;0
23;"Bat 76";41;0
23;"Bat 76";42;1
23;"Bat 76";43;0
23;"Bat 76";44;0
23;"Bat 76";45;0
23;"Bat 76";46;0
23;"Bat 76";47;2
23;"Bat 76";48;0
23;"Bat 76";49;0
23;"Bat 76";50;0
23;"Bat 76";51;0
23;"Bat 76";52;1
23;"Bat 76";53;0
23;"Bat 76";54;0
23;"Bat 76";55;0
23;"Bat 76";56;2
23;"Bat 76";57;0
23;"Bat 76";58;0
23;"Bat 76";59;0
23;"Bat 76";60;2
23;"Bat 76";61;0
23;"Bat 76";62;0
23;"Bat 76";63;0
23;"Bat 76";64;0
23;"Bat 76";65;1
24;"Bat 19";1;0
24;"Bat 19";2;0
24;"Bat 19";3;0
24;"Bat 19";4;0
24;"Bat 19";5;0
24;"Bat 19";6;0
24;"Bat 19";7;1
24;"Bat 19";8;0
24;"Bat 19";9;0
24;"Bat 19";10;0
24;"Bat 19";11;1
24;"Bat 19";12;0
24;"Bat 19";13;0
24;"Bat 19";14;0
24;"Bat 19";15;2
24;"Bat 19";16;0
24;"Bat 19";17;0
24;"Bat 19";18;0
24;"Bat 19";19;0
24;"Bat 19";20;1
24;"Bat 19";21;0
24;"Bat 19";22;0
24;"Bat 19";23;0
24;"Bat 19";24;2
24;"Bat 19";25;0
24;"Bat 19";26;0
24;"Bat 19";27;0
24;"Bat 19";28;0
24;"Bat 19";29;2
24;"Bat 19";30;0
24;"Bat 19";31;0
24;"Bat 19";32;0
24;"Bat 19";33;0
24;"Bat 19";34;0
24;"Bat 19";35;1
24;"Bat 19";36;0
24;"Bat 19";37;0
24;"Bat 19";38;0
24;"Bat 19";39;0
24;"Bat 19";40;0
24;"Bat 19";41;0
24;"Bat 19";42;1
24;"Bat 19";43;0
24;"Bat 19";44;0
24;"Bat 19";45;0
24;"Bat 19";46;0
24;"Bat 19";47;2
24;"Bat 19";48;0
24;"Bat 19";49;0
24;"Bat 19";50;0
24;"Bat 19";51;0
24;"Bat 19";52;1
24;"Bat 19";53;0
24;"Bat 19";54;0
24;"Bat 19";55;0
24;"Bat 19";56;2
24;"Bat 19";57;0
24;"Bat 19";58;0
24;"Bat 19";59;0
24;"Bat 19";60;2
24;"Bat 55";1;0
24;"Bat 55";2;0
24;"Bat 55";3;0
24;"Bat 55";4;0
24;"Bat 55";5;0
24;"Bat 55";6;0
24;"Bat 55";7;1
24;"Bat 55";8;0
24;"Bat 55";9;0
24;"Bat 55";10;0
24;"Bat 55";11;1
24;"Bat 55";12;0
24;"Bat 55";13;0
24;"Bat 55";14;0
24;"Bat 55";15;2
24;"Bat 55";16;0
24;"Bat 55";17;0
24;"Bat 55";18;0
24;"Bat 55";19;0
24;"Bat 55";20;1
24;"Bat 55";21;0
24;"Bat 55";22;0
24;"Bat 55";23;0
24;"Bat 55";24;2
24;"Bat 55";25;0
24;"Bat 55";26;0
24;"Bat 55";27;0
24;"Bat 55";28;0
24;"Bat 55";29;2
24;"Bat 55";30;0
24;"Bat 55";31;0
24;"Bat 55";32;0
24;"Bat 55";33;0
24;"Bat 55";34;0
24;"Bat 55";35;1
24;"Bat 55";36;0
24;"Bat 55";37;0
24;"Bat 55";38;0
24;"Bat 55";39;0
24;"Bat 55";40;0
24;"Bat 55";41;0
24;"Bat 55";42;1
24;"Bat 55";43;0
24;"Bat 55";44;0
24;"Bat 55";45;0
24;"Bat 55";46;0
24;"Bat 76";1;0
24;"Bat 76";2;0
24;"Bat 76";3;0
24;"Bat 76";4;0
24;"Bat 76";5;0
24;"Bat 76";6;0
24;"Bat 76";7;1
24;"Bat 76";8;0
24;"Bat 76";9;0
24;"Bat 76";10;0
24;"Bat 76";11;1
24;"Bat 76";12;0
24;"Bat 76";13;0
24;"Bat 76";14;0
24;"Bat 76";15;2
24;"Bat 76";16;0
24;"Bat 76";17;0
24;"Bat 76";18;0
24;"Bat 76";19;0
24;"Bat 76";20;1
24;"Bat 76";21;0
24;"Bat 76";22;0
24;"Bat 76";23;0
24;"Bat 76";24;2
24;"Bat 76";25;0
24;"Bat 76";26;0
24;"Bat 76";27;0
24;"Bat 76";28;0
24;"Bat 76";29;2
24;"Bat 76";30;0
24;"Bat 76";31;0
24;"Bat 76";32;0
24;"Bat 76";33;0
24;"Bat 76";34;0
24;"Bat 76";35;1
24;"Bat 76";36;0
24;"Bat 76";37;0
24;"Bat 76";38;0
24;"Bat 76";39;0
24;"Bat 76";40;0
24;"Bat 76";41;0
24;"Bat 76";42;1
24;"Bat 76";43;0
24;"Bat 76";44;0
24;"Bat 76";45;0
24;"Bat 76";46;0
24;"Bat 76";47;2
24;"Bat 76";48;0
24;"Bat 76";49;0
24;"Bat 76";50;0
24;"Bat 76";51;0
24;"Bat 76";52;1
24;"Bat 76";53;0
24;"Bat 76";54;0
24;"Bat 76";55;0
24;"Bat 76";56;2
24;"Bat 76";57;0
24;"Bat 76";58;0
24;"Bat 76";59;0
24;"Bat 76";60;2
24;"Bat 76";61;0
24;"Bat 76";62;0
